cliente,Razão Social,CNPJ,Data emissão,Vencimento líquido,Produto,Nº Nota Fiscal,Status Boleto,Valor Original (por produto),Montante de imposto,Juros,Multa,Valor Total (nota),Link  NFS-e,Link  Boleto,Qtde Transação
,123 VIAGENS E TURISMO LTDA  EM RECUPERACAO JUDICIAL,26.669.170/0001-57,2026-02-26 00:00:00,2026-03-13 00:00:00,Pagador,107918,Compensando,5048.24,,,,,https://www.barueri.sp.gov.br/nfe/wfimagemnota.aspx?codigoautenticidade=168Q.6746.2717.5677399-X&numdoc=26669170000157,"",1
,123 VIAGENS E TURISMO LTDA  EM RECUPERACAO JUDICIAL,26.669.170/0001-57,2026-02-26 00:00:00,2026-03-13 00:00:00,Velocity Check,107856,Compensando,4102.85,,,,,https://www.barueri.sp.gov.br/nfe/wfimagemnota.aspx?codigoautenticidade=551R.6153.2624.9472799-Q&numdoc=26669170000157,"",29753
,2K COMERCIO DE COSMETICOS LTDA,28.589.883/0001-36,2026-02-26 00:00:00,2026-03-13 00:00:00,Cartão Protegido,107799,Compensando,42.08,,,,,https://www.barueri.sp.gov.br/nfe/wfimagemnota.aspx?codigoautenticidade=148U.4654.2951.8472699-X&numdoc=28589883000136,"",10
,2K COMERCIO DE COSMETICOS LTDA,28.589.883/0001-36,2026-02-26 00:00:00,2026-03-13 00:00:00,Pagador,107980,Compensando,104.66,,,,,https://www.barueri.sp.gov.br/nfe/wfimagemnota.aspx?codigoautenticidade=190U.5991.5551.1364499-Z&numdoc=28589883000136,"",56
5661,2W ADMINISTRACAO HOTELEIRA LTDA,28.581.358/0001-74,2026-02-26 00:00:00,2026-03-13 00:00:00,Pagador,108020,Pendente,100.24,0,5.01,2,107.25,https://www.barueri.sp.gov.br/nfe/wfimagemnota.aspx?codigoautenticidade=601W.0109.1677.8175199-Q&numdoc=28581358000174,https://www.pagador.com.br/post/pagador/reenvia.asp/8108fda1-4df7-4273-bef9-2cb81792581f,1
,123 VIAGENS E TURISMO LTDA  EM RECUPERACAO JUDICIAL,26.669.170/0001-57,2026-01-29 00:00:00,2026-02-13 00:00:00,Pagador,105725,Compensando,5048.24,,,,,https://www.barueri.sp.gov.br/nfe/wfimagemnota.aspx?codigoautenticidade=182H.0333.7629.7566799-R&numdoc=26669170000157,"",1
,123 VIAGENS E TURISMO LTDA  EM RECUPERACAO JUDICIAL,26.669.170/0001-57,2026-01-29 00:00:00,2026-02-13 00:00:00,Velocity Check,105690,Compensando,4102.85,,,,,https://www.barueri.sp.gov.br/nfe/wfimagemnota.aspx?codigoautenticidade=145Y.1292.6391.3292099-U&numdoc=26669170000157,"",47875
,2K COMERCIO DE COSMETICOS LTDA,28.589.883/0001-36,2026-01-29 00:00:00,2026-02-13 00:00:00,Cartão Protegido,105664,Compensando,42.08,,,,,https://www.barueri.sp.gov.br/nfe/wfimagemnota.aspx?codigoautenticidade=188W.2826.4876.2741199-X&numdoc=28589883000136,"",4
,2K COMERCIO DE COSMETICOS LTDA,28.589.883/0001-36,2026-01-29 00:00:00,2026-02-13 00:00:00,Pagador,105756,Compensando,104.66,,,,,https://www.barueri.sp.gov.br/nfe/wfimagemnota.aspx?codigoautenticidade=678S.6851.4133.8339999-D&numdoc=28589883000136,"",20
,2W ADMINISTRACAO HOTELEIRA LTDA,28.581.358/0001-74,2026-01-29 00:00:00,2026-02-13 00:00:00,Pagador,105779,Compensando,100.24,,,,,https://www.barueri.sp.gov.br/nfe/wfimagemnota.aspx?codigoautenticidade=255Q.8192.1411.7119699-U&numdoc=28581358000174,"",1
,123 VIAGENS E TURISMO LTDA  EM RECUPERACAO JUDICIAL,26.669.170/0001-57,2025-12-29 00:00:00,2026-01-13 00:00:00,Pagador,103656,Compensando,5048.24,,,,,https://www.barueri.sp.gov.br/nfe/wfimagemnota.aspx?codigoautenticidade=109S.1188.8981.9526699-Y&numdoc=26669170000157,"",1
,123 VIAGENS E TURISMO LTDA  EM RECUPERACAO JUDICIAL,26.669.170/0001-57,2025-12-29 00:00:00,2026-01-13 00:00:00,Velocity Check,103597,Compensando,5545.53,,,,,https://www.barueri.sp.gov.br/nfe/wfimagemnota.aspx?codigoautenticidade=913V.6758.5260.6435799-X&numdoc=26669170000157,"",67679
,2K COMERCIO DE COSMETICOS LTDA,28.589.883/0001-36,2025-12-29 00:00:00,2026-01-13 00:00:00,Cartão Protegido,103547,Compensando,42.08,,,,,https://www.barueri.sp.gov.br/nfe/wfimagemnota.aspx?codigoautenticidade=117S.0345.8135.4734399-W&numdoc=28589883000136,"",6
,2K COMERCIO DE COSMETICOS LTDA,28.589.883/0001-36,2025-12-29 00:00:00,2026-01-13 00:00:00,Pagador,103716,Compensando,104.66,,,,,https://www.barueri.sp.gov.br/nfe/wfimagemnota.aspx?codigoautenticidade=202Y.1140.8091.7270099-R&numdoc=28589883000136,"",68
,2W ADMINISTRACAO HOTELEIRA LTDA,28.581.358/0001-74,2025-12-29 00:00:00,2026-01-13 00:00:00,Pagador,103757,Compensando,100.24,,,,,https://www.barueri.sp.gov.br/nfe/wfimagemnota.aspx?codigoautenticidade=212U.8808.2752.1341799-R&numdoc=28581358000174,"",1
6299,1NCRIVEL SISTEMAS LTDA,24.184.468/0001-41,2025-12-29 00:00:00,2026-01-13 00:00:00,3DS 2.0,103517,Pendente,132.65,0,9.08,2.65,144.38,https://www.barueri.sp.gov.br/nfe/wfimagemnota.aspx?codigoautenticidade=167S.1918.3434.4931099-W&numdoc=24184468000141,https://www.pagador.com.br/post/pagador/reenvia.asp/c289a14e-fdd7-405f-b46b-6486278991bf,1
6299,1NCRIVEL SISTEMAS LTDA,24.184.468/0001-41,2025-12-29 00:00:00,2026-01-13 00:00:00,Pagador,103825,Pendente,1387.76,0,104.42,27.76,1519.94,https://www.barueri.sp.gov.br/nfe/wfimagemnota.aspx?codigoautenticidade=108A.1553.1751.4153799-X&numdoc=24184468000141,https://www.pagador.com.br/post/pagador/reenvia.asp/c22566fd-c607-4add-ab09-cbc9ef1b4f61,1
,123 VIAGENS E TURISMO LTDA  EM RECUPERACAO JUDICIAL,26.669.170/0001-57,2025-11-26 00:00:00,2025-12-11 00:00:00,Pagador,101641,Compensando,5048.24,,,,,https://www.barueri.sp.gov.br/nfe/wfimagemnota.aspx?codigoautenticidade=198Y.5995.2491.7352699-X&numdoc=26669170000157,"",1
,123 VIAGENS E TURISMO LTDA  EM RECUPERACAO JUDICIAL,26.669.170/0001-57,2025-11-26 00:00:00,2025-12-11 00:00:00,Velocity Check,101587,Compensando,4102.85,,,,,https://www.barueri.sp.gov.br/nfe/wfimagemnota.aspx?codigoautenticidade=549Y.5204.9994.5745499-Y&numdoc=26669170000157,"",18990
,2K COMERCIO DE COSMETICOS LTDA,28.589.883/0001-36,2025-11-26 00:00:00,2025-12-11 00:00:00,Cartão Protegido,101542,Compensando,42.08,,,,,https://www.barueri.sp.gov.br/nfe/wfimagemnota.aspx?codigoautenticidade=638X.7958.3234.6562699-D&numdoc=28589883000136,"",6
,2K COMERCIO DE COSMETICOS LTDA,28.589.883/0001-36,2025-11-26 00:00:00,2025-12-11 00:00:00,Pagador,101693,Compensando,104.66,,,,,https://www.barueri.sp.gov.br/nfe/wfimagemnota.aspx?codigoautenticidade=177W.1040.8977.9401999-W&numdoc=28589883000136,"",82
,2W ADMINISTRACAO HOTELEIRA LTDA,28.581.358/0001-74,2025-11-26 00:00:00,2025-12-11 00:00:00,Pagador,101731,Compensando,100.24,,,,,https://www.barueri.sp.gov.br/nfe/wfimagemnota.aspx?codigoautenticidade=968T.3254.2549.5218399-S&numdoc=28581358000174,"",1
6299,1NCRIVEL SISTEMAS LTDA,24.184.468/0001-41,2025-11-26 00:00:00,2025-12-11 00:00:00,3DS 2.0,101515,Pendente,132.65,0,10.36,2.65,145.66,https://www.barueri.sp.gov.br/nfe/wfimagemnota.aspx?codigoautenticidade=163V.0266.6561.3608599-S&numdoc=24184468000141,https://www.pagador.com.br/post/pagador/reenvia.asp/61824e64-939f-407f-9613-7bfe8fc6c45c,1
6299,1NCRIVEL SISTEMAS LTDA,24.184.468/0001-41,2025-11-26 00:00:00,2025-12-11 00:00:00,Pagador,101793,Pendente,4164.17,0,360.01,83.28,4607.46,https://www.barueri.sp.gov.br/nfe/wfimagemnota.aspx?codigoautenticidade=179I.4605.4932.1468499-Y&numdoc=24184468000141,https://www.pagador.com.br/post/pagador/reenvia.asp/d3909e0b-4130-4ae1-bfcf-e72c92185247,7036
,2K COMERCIO DE COSMETICOS LTDA,28.589.883/0001-36,2025-10-29 00:00:00,2025-11-14 00:00:00,Cartão Protegido,99542,Compensando,42.08,,,,,https://www.barueri.sp.gov.br/nfe/wfimagemnota.aspx?codigoautenticidade=664R.3757.0424.0315299-T&numdoc=28589883000136,"",13
,123 VIAGENS E TURISMO LTDA  EM RECUPERACAO JUDICIAL,26.669.170/0001-57,2025-10-29 00:00:00,2025-11-13 00:00:00,Pagador,99692,Compensando,5048.24,,,,,https://www.barueri.sp.gov.br/nfe/wfimagemnota.aspx?codigoautenticidade=153S.6216.1031.5694499-S&numdoc=26669170000157,"",1
,123 VIAGENS E TURISMO LTDA  EM RECUPERACAO JUDICIAL,26.669.170/0001-57,2025-10-29 00:00:00,2025-11-13 00:00:00,Velocity Check,99609,Compensando,4102.85,,,,,https://www.barueri.sp.gov.br/nfe/wfimagemnota.aspx?codigoautenticidade=108I.0791.6931.7150399-X&numdoc=26669170000157,"",4953
,1NCRIVEL SISTEMAS LTDA,24.184.468/0001-41,2025-10-29 00:00:00,2025-11-13 00:00:00,3DS 2.0,99507,Compensando,132.65,,,,,https://www.barueri.sp.gov.br/nfe/wfimagemnota.aspx?codigoautenticidade=525R.6299.0821.4159499-U&numdoc=24184468000141,"",1
,1NCRIVEL SISTEMAS LTDA,24.184.468/0001-41,2025-10-29 00:00:00,2025-11-13 00:00:00,Pagador,99927,Compensando,3388.9,,,,,https://www.barueri.sp.gov.br/nfe/wfimagemnota.aspx?codigoautenticidade=907Q.8039.7617.6847999-R&numdoc=24184468000141,"",4884
,2K COMERCIO DE COSMETICOS LTDA,28.589.883/0001-36,2025-10-29 00:00:00,2025-11-13 00:00:00,Pagador,99778,Compensando,104.66,,,,,https://www.barueri.sp.gov.br/nfe/wfimagemnota.aspx?codigoautenticidade=402Q.2535.9913.3255799-R&numdoc=28589883000136,"",73
,2W ADMINISTRACAO HOTELEIRA LTDA,28.581.358/0001-74,2025-10-29 00:00:00,2025-11-13 00:00:00,Pagador,99835,Compensando,100.24,,,,,https://www.barueri.sp.gov.br/nfe/wfimagemnota.aspx?codigoautenticidade=172L.5245.0161.1883599-R&numdoc=28581358000174,"",1
,123 VIAGENS E TURISMO LTDA  EM RECUPERACAO JUDICIAL,26.669.170/0001-57,2025-09-29 00:00:00,2025-10-14 00:00:00,Pagador,97823,Compensando,5048.24,,,,,https://www.barueri.sp.gov.br/nfe/wfimagemnota.aspx?codigoautenticidade=290T.8945.2891.5507099-Z&numdoc=26669170000157,"",1
,123 VIAGENS E TURISMO LTDA  EM RECUPERACAO JUDICIAL,26.669.170/0001-57,2025-09-29 00:00:00,2025-10-14 00:00:00,Velocity Check,97694,Compensando,4102.85,,,,,https://www.barueri.sp.gov.br/nfe/wfimagemnota.aspx?codigoautenticidade=210Y.3357.2099.0054299-Z&numdoc=26669170000157,"",4979
,1NCRIVEL SISTEMAS LTDA,24.184.468/0001-41,2025-09-29 00:00:00,2025-10-14 00:00:00,3DS 2.0,97525,Compensando,132.65,,,,,https://www.barueri.sp.gov.br/nfe/wfimagemnota.aspx?codigoautenticidade=267G.5691.5212.3487499-W&numdoc=24184468000141,"",1
,1NCRIVEL SISTEMAS LTDA,24.184.468/0001-41,2025-09-29 00:00:00,2025-10-14 00:00:00,Pagador,98175,Compensando,1790.9,,,,,https://www.barueri.sp.gov.br/nfe/wfimagemnota.aspx?codigoautenticidade=131Q.6973.2012.0104899-Q&numdoc=24184468000141,"",2581
,2K COMERCIO DE COSMETICOS LTDA,28.589.883/0001-36,2025-09-29 00:00:00,2025-10-14 00:00:00,Cartão Protegido,97581,Compensando,42.08,,,,,https://www.barueri.sp.gov.br/nfe/wfimagemnota.aspx?codigoautenticidade=182Q.7220.6413.0220999-R&numdoc=28589883000136,"",11
,2K COMERCIO DE COSMETICOS LTDA,28.589.883/0001-36,2025-09-29 00:00:00,2025-10-14 00:00:00,Pagador,97951,Compensando,104.66,,,,,https://www.barueri.sp.gov.br/nfe/wfimagemnota.aspx?codigoautenticidade=471V.3994.4011.3169499-Q&numdoc=28589883000136,"",59
,2W ADMINISTRACAO HOTELEIRA LTDA,28.581.358/0001-74,2025-09-29 00:00:00,2025-10-14 00:00:00,Pagador,98038,Compensando,98.66,,,,,https://www.barueri.sp.gov.br/nfe/wfimagemnota.aspx?codigoautenticidade=389M.4689.0174.2737099-Y&numdoc=28581358000174,"",1
,1NCRIVEL SISTEMAS LTDA,24.184.468/0001-41,2025-08-29 00:00:00,2025-10-13 00:00:00,3DS 2.0,96823,Compensando,88.44,,,,,https://www.barueri.sp.gov.br/nfe/wfimagemnota.aspx?codigoautenticidade=870W.7444.2379.6775399-P&numdoc=24184468000141,"",1
,1NCRIVEL SISTEMAS LTDA,24.184.468/0001-41,2025-08-29 00:00:00,2025-10-13 00:00:00,Pagador,96823,Compensando,925.17,,,,,https://www.barueri.sp.gov.br/nfe/wfimagemnota.aspx?codigoautenticidade=870W.7444.2379.6775399-P&numdoc=24184468000141,"",1
,123 VIAGENS E TURISMO LTDA  EM RECUPERACAO JUDICIAL,26.669.170/0001-57,2025-08-28 00:00:00,2025-09-15 00:00:00,Velocity Check,95783,Compensando,4102.85,,,,,https://www.barueri.sp.gov.br/nfe/wfimagemnota.aspx?codigoautenticidade=202X.0206.3885.5485499-R&numdoc=26669170000157,"",6451
,2W ADMINISTRACAO HOTELEIRA LTDA,28.581.358/0001-74,2025-08-28 00:00:00,2025-09-15 00:00:00,Pagador,95983,Compensando,98.66,,,,,https://www.barueri.sp.gov.br/nfe/wfimagemnota.aspx?codigoautenticidade=130Y.5918.8498.5070299-Z&numdoc=28581358000174,"",1
,123 VIAGENS E TURISMO LTDA  EM RECUPERACAO JUDICIAL,26.669.170/0001-57,2025-08-28 00:00:00,2025-09-12 00:00:00,Pagador,95847,Compensando,5048.24,,,,,https://www.barueri.sp.gov.br/nfe/wfimagemnota.aspx?codigoautenticidade=119Q.7357.8613.9679799-Y&numdoc=26669170000157,"",1
,2K COMERCIO DE COSMETICOS LTDA,28.589.883/0001-36,2025-08-28 00:00:00,2025-09-12 00:00:00,Cartão Protegido,95714,Compensando,42.08,,,,,https://www.barueri.sp.gov.br/nfe/wfimagemnota.aspx?codigoautenticidade=191U.1556.0451.7225599-Q&numdoc=28589883000136,"",11
,2K COMERCIO DE COSMETICOS LTDA,28.589.883/0001-36,2025-08-28 00:00:00,2025-09-12 00:00:00,Pagador,95921,Compensando,104.66,,,,,https://www.barueri.sp.gov.br/nfe/wfimagemnota.aspx?codigoautenticidade=264U.1244.9359.6323299-T&numdoc=28589883000136,"",69
,123 VIAGENS E TURISMO LTDA  EM RECUPERACAO JUDICIAL,26.669.170/0001-57,2025-07-30 00:00:00,2025-08-22 00:00:00,Pagador,94182,Compensando,5048.24,,,,,https://www.barueri.sp.gov.br/nfe/wfimagemnota.aspx?codigoautenticidade=691Q.9456.3616.9610799-Q&numdoc=26669170000157,"",1
,123 VIAGENS E TURISMO LTDA  EM RECUPERACAO JUDICIAL,26.669.170/0001-57,2025-07-30 00:00:00,2025-08-22 00:00:00,Velocity Check,94111,Compensando,3989.54,,,,,https://www.barueri.sp.gov.br/nfe/wfimagemnota.aspx?codigoautenticidade=128Z.0972.4701.7305599-X&numdoc=26669170000157,"",7113
,2K COMERCIO DE COSMETICOS LTDA,28.589.883/0001-36,2025-07-30 00:00:00,2025-08-15 00:00:00,Cartão Protegido,94030,Compensando,42.08,,,,,https://www.barueri.sp.gov.br/nfe/wfimagemnota.aspx?codigoautenticidade=149Y.8210.4091.3302899-Y&numdoc=28589883000136,"",5
,2K COMERCIO DE COSMETICOS LTDA,28.589.883/0001-36,2025-07-30 00:00:00,2025-08-15 00:00:00,Pagador,94264,Compensando,104.66,,,,,https://www.barueri.sp.gov.br/nfe/wfimagemnota.aspx?codigoautenticidade=174Y.8860.2194.1235599-T&numdoc=28589883000136,"",41
,2W ADMINISTRACAO HOTELEIRA LTDA,28.581.358/0001-74,2025-07-30 00:00:00,2025-08-14 00:00:00,Pagador,94334,Compensando,98.66,,,,,https://www.barueri.sp.gov.br/nfe/wfimagemnota.aspx?codigoautenticidade=293Q.9462.2113.2111199-S&numdoc=28581358000174,"",1
,123 VIAGENS E TURISMO LTDA  EM RECUPERACAO JUDICIAL,26.669.170/0001-57,2025-06-27 00:00:00,2025-07-12 00:00:00,Pagador,92194,Compensando,5048.24,,,,,https://www.barueri.sp.gov.br/nfe/wfimagemnota.aspx?codigoautenticidade=137V.5656.0561.3258699-W&numdoc=26669170000157,"",1
,123 VIAGENS E TURISMO LTDA  EM RECUPERACAO JUDICIAL,26.669.170/0001-57,2025-06-27 00:00:00,2025-07-12 00:00:00,Velocity Check,92079,Compensando,3989.54,,,,,https://www.barueri.sp.gov.br/nfe/wfimagemnota.aspx?codigoautenticidade=300T.8366.7144.3213599-Z&numdoc=26669170000157,"",5734
,2K COMERCIO DE COSMETICOS LTDA,28.589.883/0001-36,2025-06-27 00:00:00,2025-07-12 00:00:00,Cartão Protegido,91989,Compensando,42.08,,,,,https://www.barueri.sp.gov.br/nfe/wfimagemnota.aspx?codigoautenticidade=652Y.1009.7598.3750899-R&numdoc=28589883000136,"",12
,2K COMERCIO DE COSMETICOS LTDA,28.589.883/0001-36,2025-06-27 00:00:00,2025-07-12 00:00:00,Pagador,92313,Compensando,104.66,,,,,https://www.barueri.sp.gov.br/nfe/wfimagemnota.aspx?codigoautenticidade=164Z.9227.5807.5587599-T&numdoc=28589883000136,"",91
,2W ADMINISTRACAO HOTELEIRA LTDA,28.581.358/0001-74,2025-06-27 00:00:00,2025-07-12 00:00:00,Pagador,92389,Compensando,98.66,,,,,https://www.barueri.sp.gov.br/nfe/wfimagemnota.aspx?codigoautenticidade=204R.3478.9322.8089699-T&numdoc=28581358000174,"",1
,1NCRIVEL SISTEMAS LTDA,24.184.468/0001-41,2025-06-26 00:00:00,2025-07-06 00:00:00,Setup,91890,Compensando,2040.82,,,,,https://www.barueri.sp.gov.br/nfe/wfimagemnota.aspx?codigoautenticidade=204T.0936.1341.1608699-T&numdoc=24184468000141,"",1
,123 VIAGENS E TURISMO LTDA  EM RECUPERACAO JUDICIAL,26.669.170/0001-57,2025-05-29 00:00:00,2025-06-16 00:00:00,Pagador,90385,Compensando,5048.24,,,,,https://www.barueri.sp.gov.br/nfe/wfimagemnota.aspx?codigoautenticidade=557Q.9635.2811.9880299-W&numdoc=26669170000157,"",1
,2W ADMINISTRACAO HOTELEIRA LTDA,28.581.358/0001-74,2025-05-29 00:00:00,2025-06-16 00:00:00,Pagador,90550,Compensando,98.66,,,,,https://www.barueri.sp.gov.br/nfe/wfimagemnota.aspx?codigoautenticidade=153W.0780.8871.4456899-S&numdoc=28581358000174,"",1
,123 VIAGENS E TURISMO LTDA  EM RECUPERACAO JUDICIAL,26.669.170/0001-57,2025-05-29 00:00:00,2025-06-13 00:00:00,Velocity Check,90287,Compensando,3989.54,,,,,https://www.barueri.sp.gov.br/nfe/wfimagemnota.aspx?codigoautenticidade=914R.8035.0320.0662899-Y&numdoc=26669170000157,"",14270
,2K COMERCIO DE COSMETICOS LTDA,28.589.883/0001-36,2025-05-29 00:00:00,2025-06-13 00:00:00,Cartão Protegido,90208,Compensando,39.85,,,,,https://www.barueri.sp.gov.br/nfe/wfimagemnota.aspx?codigoautenticidade=118O.8513.2791.3116199-X&numdoc=28589883000136,"",6
,2K COMERCIO DE COSMETICOS LTDA,28.589.883/0001-36,2025-05-29 00:00:00,2025-06-13 00:00:00,Pagador,90482,Compensando,99.1,,,,,https://www.barueri.sp.gov.br/nfe/wfimagemnota.aspx?codigoautenticidade=208O.0920.7691.3101399-X&numdoc=28589883000136,"",55
,123 VIAGENS E TURISMO LTDA  EM RECUPERACAO JUDICIAL,26.669.170/0001-57,2025-04-29 00:00:00,2025-05-14 00:00:00,Pagador,88526,Compensando,5048.24,,,,,https://www.barueri.sp.gov.br/nfe/wfimagemnota.aspx?codigoautenticidade=184N.0597.5986.2113699-T&numdoc=26669170000157,"",1
,123 VIAGENS E TURISMO LTDA  EM RECUPERACAO JUDICIAL,26.669.170/0001-57,2025-04-29 00:00:00,2025-05-14 00:00:00,Velocity Check,88491,Compensando,3989.54,,,,,https://www.barueri.sp.gov.br/nfe/wfimagemnota.aspx?codigoautenticidade=883R.0131.7129.6685799-S&numdoc=26669170000157,"",26511
,2K COMERCIO DE COSMETICOS LTDA,28.589.883/0001-36,2025-04-29 00:00:00,2025-05-14 00:00:00,Cartão Protegido,88467,Compensando,39.85,,,,,https://www.barueri.sp.gov.br/nfe/wfimagemnota.aspx?codigoautenticidade=742Q.6352.2015.1528999-H&numdoc=28589883000136,"",10
,2K COMERCIO DE COSMETICOS LTDA,28.589.883/0001-36,2025-04-29 00:00:00,2025-05-14 00:00:00,Pagador,88549,Compensando,99.1,,,,,https://www.barueri.sp.gov.br/nfe/wfimagemnota.aspx?codigoautenticidade=781V.0155.9114.0268599-G&numdoc=28589883000136,"",72
,2W ADMINISTRACAO HOTELEIRA LTDA,28.581.358/0001-74,2025-04-29 00:00:00,2025-05-14 00:00:00,Pagador,88568,Compensando,98.66,,,,,https://www.barueri.sp.gov.br/nfe/wfimagemnota.aspx?codigoautenticidade=118R.1001.7926.1035599-X&numdoc=28581358000174,"",1
,2W ADMINISTRACAO HOTELEIRA LTDA,28.581.358/0001-74,2025-03-27 00:00:00,2025-04-14 00:00:00,Pagador,86982,Compensando,98.66,,,,,https://www.barueri.sp.gov.br/nfe/wfimagemnota.aspx?codigoautenticidade=585T.0246.8696.9230099-U&numdoc=28581358000174,"",1
,123 VIAGENS E TURISMO LTDA  EM RECUPERACAO JUDICIAL,26.669.170/0001-57,2025-03-27 00:00:00,2025-04-11 00:00:00,Pagador,86910,Compensando,5048.24,,,,,https://www.barueri.sp.gov.br/nfe/wfimagemnota.aspx?codigoautenticidade=197T.9804.6042.7788299-W&numdoc=26669170000157,"",1
,123 VIAGENS E TURISMO LTDA  EM RECUPERACAO JUDICIAL,26.669.170/0001-57,2025-03-27 00:00:00,2025-04-11 00:00:00,Velocity Check,86857,Compensando,3989.54,,,,,https://www.barueri.sp.gov.br/nfe/wfimagemnota.aspx?codigoautenticidade=184W.1135.1872.9933299-T&numdoc=26669170000157,"",13770
,2K COMERCIO DE COSMETICOS LTDA,28.589.883/0001-36,2025-03-27 00:00:00,2025-04-11 00:00:00,Cartão Protegido,86818,Compensando,39.85,,,,,https://www.barueri.sp.gov.br/nfe/wfimagemnota.aspx?codigoautenticidade=224R.6417.2820.2595399-T&numdoc=28589883000136,"",6
,2K COMERCIO DE COSMETICOS LTDA,28.589.883/0001-36,2025-03-27 00:00:00,2025-04-11 00:00:00,Pagador,86953,Compensando,99.1,,,,,https://www.barueri.sp.gov.br/nfe/wfimagemnota.aspx?codigoautenticidade=245Q.8752.8814.2400599-U&numdoc=28589883000136,"",61
,123 VIAGENS E TURISMO LTDA  EM RECUPERACAO JUDICIAL,26.669.170/0001-57,2025-02-27 00:00:00,2025-03-10 00:00:00,Pagador,85658,Compensando,4648.9,,,,,https://www.barueri.sp.gov.br/nfe/wfimagemnota.aspx?codigoautenticidade=801U.4083.5755.8680099-Q&numdoc=26669170000157,"",1
,123 VIAGENS E TURISMO LTDA  EM RECUPERACAO JUDICIAL,26.669.170/0001-57,2025-02-27 00:00:00,2025-03-10 00:00:00,Velocity Check,85192,Compensando,3989.54,,,,,https://www.barueri.sp.gov.br/nfe/wfimagemnota.aspx?codigoautenticidade=672V.8581.8261.8037199-R&numdoc=26669170000157,"",26378
,2K COMERCIO DE COSMETICOS LTDA,28.589.883/0001-36,2025-02-27 00:00:00,2025-03-10 00:00:00,Cartão Protegido,85156,Compensando,39.85,,,,,https://www.barueri.sp.gov.br/nfe/wfimagemnota.aspx?codigoautenticidade=103R.8186.9322.9208199-S&numdoc=28589883000136,"",10
,2K COMERCIO DE COSMETICOS LTDA,28.589.883/0001-36,2025-02-27 00:00:00,2025-03-10 00:00:00,Pagador,85769,Compensando,99.1,,,,,https://www.barueri.sp.gov.br/nfe/wfimagemnota.aspx?codigoautenticidade=211R.0883.3528.9878399-Q&numdoc=28589883000136,"",69
,2W ADMINISTRACAO HOTELEIRA LTDA,28.581.358/0001-74,2025-02-27 00:00:00,2025-03-10 00:00:00,Pagador,85843,Compensando,98.66,,,,,https://www.barueri.sp.gov.br/nfe/wfimagemnota.aspx?codigoautenticidade=571V.2079.1313.4064199-Q&numdoc=28581358000174,"",53
,123 VIAGENS E TURISMO LTDA  EM RECUPERACAO JUDICIAL,26.669.170/0001-57,2025-01-29 00:00:00,2025-02-07 00:00:00,Velocity Check,83552,Compensando,3989.54,,,,,https://www.barueri.sp.gov.br/nfe/wfimagemnota.aspx?codigoautenticidade=311X.6325.0180.1336199-Q&numdoc=26669170000157,"",24755
,2K COMERCIO DE COSMETICOS LTDA,28.589.883/0001-36,2025-01-29 00:00:00,2025-02-07 00:00:00,Pagador,83681,Compensando,99.1,,,,,https://www.barueri.sp.gov.br/nfe/wfimagemnota.aspx?codigoautenticidade=160Q.5989.5012.1329899-Z&numdoc=28589883000136,"",63
,123 VIAGENS E TURISMO LTDA  EM RECUPERACAO JUDICIAL,26.669.170/0001-57,2025-01-29 00:00:00,2025-02-06 00:00:00,Pagador,83671,Compensando,4648.9,,,,,https://www.barueri.sp.gov.br/nfe/wfimagemnota.aspx?codigoautenticidade=594Q.0023.1216.0003699-T&numdoc=26669170000157,"",1
,2K COMERCIO DE COSMETICOS LTDA,28.589.883/0001-36,2025-01-29 00:00:00,2025-02-06 00:00:00,Cartão Protegido,83659,Compensando,39.85,,,,,https://www.barueri.sp.gov.br/nfe/wfimagemnota.aspx?codigoautenticidade=199R.8803.1021.7561199-Y&numdoc=28589883000136,"",4
,2W ADMINISTRACAO HOTELEIRA LTDA,28.581.358/0001-74,2025-01-29 00:00:00,2025-02-06 00:00:00,Pagador,83691,Compensando,98.66,,,,,https://www.barueri.sp.gov.br/nfe/wfimagemnota.aspx?codigoautenticidade=121S.4881.3331.9698499-Q&numdoc=28581358000174,"",109
,123 VIAGENS E TURISMO LTDA  EM RECUPERACAO JUDICIAL,26.669.170/0001-57,2024-12-30 00:00:00,2025-01-07 00:00:00,Pagador,81860,Compensando,4648.9,,,,,https://www.barueri.sp.gov.br/nfe/wfimagemnota.aspx?codigoautenticidade=417T.1496.9848.3795399-W&numdoc=26669170000157,"",4
,123 VIAGENS E TURISMO LTDA  EM RECUPERACAO JUDICIAL,26.669.170/0001-57,2024-12-30 00:00:00,2025-01-07 00:00:00,Velocity Check,81843,Compensando,3989.54,,,,,https://www.barueri.sp.gov.br/nfe/wfimagemnota.aspx?codigoautenticidade=288Q.0144.6511.9530699-X&numdoc=26669170000157,"",27087
,2K COMERCIO DE COSMETICOS LTDA,28.589.883/0001-36,2024-12-30 00:00:00,2025-01-07 00:00:00,Cartão Protegido,81833,Compensando,39.85,,,,,https://www.barueri.sp.gov.br/nfe/wfimagemnota.aspx?codigoautenticidade=180V.1563.3562.1143099-Z&numdoc=28589883000136,"",9
,2K COMERCIO DE COSMETICOS LTDA,28.589.883/0001-36,2024-12-30 00:00:00,2025-01-07 00:00:00,Pagador,81871,Compensando,99.1,,,,,https://www.barueri.sp.gov.br/nfe/wfimagemnota.aspx?codigoautenticidade=194Q.3630.4211.4503999-T&numdoc=28589883000136,"",97
,2W ADMINISTRACAO HOTELEIRA LTDA,28.581.358/0001-74,2024-12-30 00:00:00,2025-01-07 00:00:00,Pagador,81879,Compensando,98.66,,,,,https://www.barueri.sp.gov.br/nfe/wfimagemnota.aspx?codigoautenticidade=541X.3436.4888.0538599-Q&numdoc=28581358000174,"",84
,123 VIAGENS E TURISMO LTDA  EM RECUPERACAO JUDICIAL,26.669.170/0001-57,2024-11-28 00:00:00,2024-12-06 00:00:00,Pagador,80282,Compensando,4648.9,,,,,https://www.barueri.sp.gov.br/nfe/wfimagemnota.aspx?codigoautenticidade=169W.8084.6873.5843299-Y&numdoc=26669170000157,"",1
,123 VIAGENS E TURISMO LTDA  EM RECUPERACAO JUDICIAL,26.669.170/0001-57,2024-11-28 00:00:00,2024-12-06 00:00:00,Velocity Check,80266,Compensando,3989.54,,,,,https://www.barueri.sp.gov.br/nfe/wfimagemnota.aspx?codigoautenticidade=161T.0135.9142.0835899-Q&numdoc=26669170000157,"",19613
,2K COMERCIO DE COSMETICOS LTDA,28.589.883/0001-36,2024-11-28 00:00:00,2024-12-06 00:00:00,Cartão Protegido,80259,Compensando,39.85,,,,,https://www.barueri.sp.gov.br/nfe/wfimagemnota.aspx?codigoautenticidade=764S.3662.0633.7555199-J&numdoc=28589883000136,"",19
,2K COMERCIO DE COSMETICOS LTDA,28.589.883/0001-36,2024-11-28 00:00:00,2024-12-06 00:00:00,Pagador,80293,Compensando,99.1,,,,,https://www.barueri.sp.gov.br/nfe/wfimagemnota.aspx?codigoautenticidade=915Q.8984.3815.2223699-Z&numdoc=28589883000136,"",122
,2W ADMINISTRACAO HOTELEIRA LTDA,28.581.358/0001-74,2024-11-28 00:00:00,2024-12-06 00:00:00,Pagador,80301,Compensando,98.66,,,,,https://www.barueri.sp.gov.br/nfe/wfimagemnota.aspx?codigoautenticidade=128Z.4422.7707.4547899-X&numdoc=28581358000174,"",54
,123 VIAGENS E TURISMO LTDA  EM RECUPERACAO JUDICIAL,26.669.170/0001-57,2024-10-30 00:00:00,2024-11-08 00:00:00,Pagador,78821,Compensando,4648.9,,,,,https://www.barueri.sp.gov.br/nfe/wfimagemnota.aspx?codigoautenticidade=225V.9949.9217.0831699-U&numdoc=26669170000157,"",1
,123 VIAGENS E TURISMO LTDA  EM RECUPERACAO JUDICIAL,26.669.170/0001-57,2024-10-30 00:00:00,2024-11-07 00:00:00,Velocity Check,78809,Compensando,3989.54,,,,,https://www.barueri.sp.gov.br/nfe/wfimagemnota.aspx?codigoautenticidade=427R.1164.6927.4856199-W&numdoc=26669170000157,"",9979
,2K COMERCIO DE COSMETICOS LTDA,28.589.883/0001-36,2024-10-30 00:00:00,2024-11-07 00:00:00,Cartão Protegido,78979,Compensando,39.85,,,,,https://www.barueri.sp.gov.br/nfe/wfimagemnota.aspx?codigoautenticidade=821O.5899.4899.3131399-Q&numdoc=28589883000136,"",10
,2K COMERCIO DE COSMETICOS LTDA,28.589.883/0001-36,2024-10-30 00:00:00,2024-11-07 00:00:00,Pagador,79009,Compensando,99.1,,,,,https://www.barueri.sp.gov.br/nfe/wfimagemnota.aspx?codigoautenticidade=563U.5462.9152.5826299-S&numdoc=28589883000136,"",66
,2W ADMINISTRACAO HOTELEIRA LTDA,28.581.358/0001-74,2024-10-30 00:00:00,2024-11-07 00:00:00,Pagador,79373,Compensando,98.66,,,,,https://www.barueri.sp.gov.br/nfe/wfimagemnota.aspx?codigoautenticidade=458R.0894.5220.6087799-X&numdoc=28581358000174,"",59
,123 VIAGENS E TURISMO LTDA  EM RECUPERACAO JUDICIAL,26.669.170/0001-57,2024-02-28 00:00:00,2024-10-23 00:00:00,Pagador,65559,Compensando,4648.9,,,,,https://www.barueri.sp.gov.br/nfe/wfimagemnota.aspx?codigoautenticidade=104R.7169.8127.1029299-T&numdoc=26669170000157,"",4
,123 VIAGENS E TURISMO LTDA  EM RECUPERACAO JUDICIAL,26.669.170/0001-57,2023-09-30 00:00:00,2024-10-18 00:00:00,Pagador,57092,Compensando,4648.9,,,,,https://www.barueri.sp.gov.br/nfe/wfimagemnota.aspx?codigoautenticidade=181U.7173.2151.7790299-Q&numdoc=26669170000157,"",4949
,123 VIAGENS E TURISMO LTDA  EM RECUPERACAO JUDICIAL,26.669.170/0001-57,2023-09-30 00:00:00,2024-10-18 00:00:00,Velocity Check,57045,Compensando,3826.53,,,,,https://www.barueri.sp.gov.br/nfe/wfimagemnota.aspx?codigoautenticidade=608T.6089.5546.1294699-D&numdoc=26669170000157,"",33166
,2W ADMINISTRACAO HOTELEIRA LTDA,28.581.358/0001-74,2024-09-30 00:00:00,2024-10-10 00:00:00,Pagador,77993,Compensando,93.88,,,,,https://www.barueri.sp.gov.br/nfe/wfimagemnota.aspx?codigoautenticidade=181Y.1834.3491.8561899-Q&numdoc=28581358000174,"",58
,123 VIAGENS E TURISMO LTDA  EM RECUPERACAO JUDICIAL,26.669.170/0001-57,2024-09-30 00:00:00,2024-10-08 00:00:00,Pagador,77292,Compensando,4648.9,,,,,https://www.barueri.sp.gov.br/nfe/wfimagemnota.aspx?codigoautenticidade=689Q.0189.7917.9089099-E&numdoc=26669170000157,"",2
,123 VIAGENS E TURISMO LTDA  EM RECUPERACAO JUDICIAL,26.669.170/0001-57,2024-09-30 00:00:00,2024-10-08 00:00:00,Velocity Check,77234,Compensando,3989.54,,,,,https://www.barueri.sp.gov.br/nfe/wfimagemnota.aspx?codigoautenticidade=172S.9383.9981.1413799-R&numdoc=26669170000157,"",17282
,2K COMERCIO DE COSMETICOS LTDA,28.589.883/0001-36,2024-09-30 00:00:00,2024-10-08 00:00:00,Cartão Protegido,77695,Compensando,39.85,,,,,https://www.barueri.sp.gov.br/nfe/wfimagemnota.aspx?codigoautenticidade=175W.7897.7471.8349299-U&numdoc=28589883000136,"",11
,2K COMERCIO DE COSMETICOS LTDA,28.589.883/0001-36,2024-09-30 00:00:00,2024-10-08 00:00:00,Pagador,77860,Compensando,99.1,,,,,https://www.barueri.sp.gov.br/nfe/wfimagemnota.aspx?codigoautenticidade=193Q.5931.4816.5212699-S&numdoc=28589883000136,"",67
,123 VIAGENS E TURISMO LTDA  EM RECUPERACAO JUDICIAL,26.669.170/0001-57,2024-08-29 00:00:00,2024-09-06 00:00:00,Pagador,75391,Compensando,4648.9,,,,,https://www.barueri.sp.gov.br/nfe/wfimagemnota.aspx?codigoautenticidade=189R.6017.3825.7074299-Y&numdoc=26669170000157,"",16
,123 VIAGENS E TURISMO LTDA  EM RECUPERACAO JUDICIAL,26.669.170/0001-57,2024-08-29 00:00:00,2024-09-06 00:00:00,Velocity Check,75868,Compensando,3989.54,,,,,https://www.barueri.sp.gov.br/nfe/wfimagemnota.aspx?codigoautenticidade=717T.3829.0349.2325999-M&numdoc=26669170000157,"",14550
,2K COMERCIO DE COSMETICOS LTDA,28.589.883/0001-36,2024-08-29 00:00:00,2024-09-06 00:00:00,Cartão Protegido,75631,Compensando,39.85,,,,,https://www.barueri.sp.gov.br/nfe/wfimagemnota.aspx?codigoautenticidade=706T.8749.7944.0262399-L&numdoc=28589883000136,"",10
,2K COMERCIO DE COSMETICOS LTDA,28.589.883/0001-36,2024-08-29 00:00:00,2024-09-06 00:00:00,Pagador,75754,Compensando,99.1,,,,,https://www.barueri.sp.gov.br/nfe/wfimagemnota.aspx?codigoautenticidade=212Q.5691.6818.1948199-R&numdoc=28589883000136,"",75
,2W ADMINISTRACAO HOTELEIRA LTDA,28.581.358/0001-74,2024-08-29 00:00:00,2024-09-06 00:00:00,Pagador,76177,Compensando,93.88,,,,,https://www.barueri.sp.gov.br/nfe/wfimagemnota.aspx?codigoautenticidade=426Q.4274.5315.1608999-V&numdoc=28581358000174,"",87
,2K COMERCIO DE COSMETICOS LTDA,28.589.883/0001-36,2024-07-31 00:00:00,2024-08-08 00:00:00,Pagador,74510,Compensando,99.1,,,,,https://www.barueri.sp.gov.br/nfe/wfimagemnota.aspx?codigoautenticidade=869Q.1300.1417.7335799-Y&numdoc=28589883000136,"",78
,2W ADMINISTRACAO HOTELEIRA LTDA,28.581.358/0001-74,2024-07-31 00:00:00,2024-08-08 00:00:00,Pagador,74668,Compensando,93.88,,,,,https://www.barueri.sp.gov.br/nfe/wfimagemnota.aspx?codigoautenticidade=100W.6914.8675.4109399-Z&numdoc=28581358000174,"",61
,123 VIAGENS E TURISMO LTDA  EM RECUPERACAO JUDICIAL,26.669.170/0001-57,2024-07-30 00:00:00,2024-08-07 00:00:00,Pagador,74188,Compensando,4648.9,,,,,https://www.barueri.sp.gov.br/nfe/wfimagemnota.aspx?codigoautenticidade=126Z.9495.6402.0120599-V&numdoc=26669170000157,"",1
,123 VIAGENS E TURISMO LTDA  EM RECUPERACAO JUDICIAL,26.669.170/0001-57,2024-07-30 00:00:00,2024-08-07 00:00:00,Velocity Check,73626,Compensando,3826.53,,,,,https://www.barueri.sp.gov.br/nfe/wfimagemnota.aspx?codigoautenticidade=104H.7661.8928.0112799-T&numdoc=26669170000157,"",14560
,2K COMERCIO DE COSMETICOS LTDA,28.589.883/0001-36,2024-07-30 00:00:00,2024-08-07 00:00:00,Cartão Protegido,73868,Compensando,39.85,,,,,https://www.barueri.sp.gov.br/nfe/wfimagemnota.aspx?codigoautenticidade=102R.5626.3821.4373099-R&numdoc=28589883000136,"",12
,123 VIAGENS E TURISMO LTDA  EM RECUPERACAO JUDICIAL,26.669.170/0001-57,2024-07-19 00:00:00,2024-08-01 00:00:00,Pagador,73471,Compensando,4648.9,,,,,https://www.barueri.sp.gov.br/nfe/wfimagemnota.aspx?codigoautenticidade=129Y.5887.6099.2785799-Y&numdoc=26669170000157,"",1
,123 VIAGENS E TURISMO LTDA  EM RECUPERACAO JUDICIAL,26.669.170/0001-57,2024-06-27 00:00:00,2024-07-11 00:00:00,Velocity Check,72017,Compensando,3826.53,,,,,https://www.barueri.sp.gov.br/nfe/wfimagemnota.aspx?codigoautenticidade=112I.4058.9839.5009899-R&numdoc=26669170000157,"",15377
,123 VIAGENS E TURISMO LTDA  EM RECUPERACAO JUDICIAL,26.669.170/0001-57,2024-06-28 00:00:00,2024-07-11 00:00:00,Pagador,72362,Compensando,4648.9,,,,,https://www.barueri.sp.gov.br/nfe/wfimagemnota.aspx?codigoautenticidade=119Q.9879.0912.3057599-Y&numdoc=26669170000157,"",1
,2K COMERCIO DE COSMETICOS LTDA,28.589.883/0001-36,2024-06-28 00:00:00,2024-07-09 00:00:00,Pagador,72373,Compensando,99.1,,,,,https://www.barueri.sp.gov.br/nfe/wfimagemnota.aspx?codigoautenticidade=129W.4215.6172.7304899-Y&numdoc=28589883000136,"",74
,2W ADMINISTRACAO HOTELEIRA LTDA,28.581.358/0001-74,2024-06-28 00:00:00,2024-07-09 00:00:00,Pagador,72382,Compensando,93.88,,,,,https://www.barueri.sp.gov.br/nfe/wfimagemnota.aspx?codigoautenticidade=537Q.2829.5716.3936099-W&numdoc=28581358000174,"",24
,2K COMERCIO DE COSMETICOS LTDA,28.589.883/0001-36,2024-06-27 00:00:00,2024-07-05 00:00:00,Cartão Protegido,72202,Compensando,39.85,,,,,https://www.barueri.sp.gov.br/nfe/wfimagemnota.aspx?codigoautenticidade=211Z.0386.9406.3430999-Q&numdoc=28589883000136,"",8
,123 VIAGENS E TURISMO LTDA  EM RECUPERACAO JUDICIAL,26.669.170/0001-57,2024-05-28 00:00:00,2024-06-07 00:00:00,Pagador,70729,Compensando,4648.9,,,,,https://www.barueri.sp.gov.br/nfe/wfimagemnota.aspx?codigoautenticidade=234S.7563.5138.7380899-T&numdoc=26669170000157,"",1
,123 VIAGENS E TURISMO LTDA  EM RECUPERACAO JUDICIAL,26.669.170/0001-57,2024-05-28 00:00:00,2024-06-07 00:00:00,Velocity Check,70713,Compensando,3826.53,,,,,https://www.barueri.sp.gov.br/nfe/wfimagemnota.aspx?codigoautenticidade=579W.7326.9977.2768299-Y&numdoc=26669170000157,"",15705
,2K COMERCIO DE COSMETICOS LTDA,28.589.883/0001-36,2024-05-28 00:00:00,2024-06-05 00:00:00,Cartão Protegido,70167,Compensando,39.85,,,,,https://www.barueri.sp.gov.br/nfe/wfimagemnota.aspx?codigoautenticidade=204Q.6815.5010.3045599-T&numdoc=28589883000136,"",7
,2K COMERCIO DE COSMETICOS LTDA,28.589.883/0001-36,2024-05-28 00:00:00,2024-06-05 00:00:00,Pagador,71023,Compensando,99.1,,,,,https://www.barueri.sp.gov.br/nfe/wfimagemnota.aspx?codigoautenticidade=182T.5907.8144.7266299-R&numdoc=28589883000136,"",73
,2W ADMINISTRACAO HOTELEIRA LTDA,28.581.358/0001-74,2024-05-28 00:00:00,2024-06-05 00:00:00,Pagador,71224,Compensando,93.88,,,,,https://www.barueri.sp.gov.br/nfe/wfimagemnota.aspx?codigoautenticidade=835R.0060.9221.1330899-U&numdoc=28581358000174,"",40
,189 SP - GASTRONOMIA E ENTRETENIMENTO LTDA,24.808.490/0001-15,2024-03-27 00:00:00,2024-05-28 00:00:00,Velocity Check,67120,Compensando,159.63,,,,,https://www.barueri.sp.gov.br/nfe/wfimagemnota.aspx?codigoautenticidade=121M.6832.3871.3549599-Q&numdoc=24808490000115,"",1
,189 SP - GASTRONOMIA E ENTRETENIMENTO LTDA,24.808.490/0001-15,2024-04-12 00:00:00,2024-05-28 00:00:00,AntiFraude,68251,Compensando,506.43,,,,,https://www.barueri.sp.gov.br/nfe/wfimagemnota.aspx?codigoautenticidade=324Q.8502.8915.9096799-T&numdoc=24808490000115,"",1
,189 SP - GASTRONOMIA E ENTRETENIMENTO LTDA,24.808.490/0001-15,2024-04-12 00:00:00,2024-05-28 00:00:00,Emailage,68252,Compensando,324.05,,,,,https://www.barueri.sp.gov.br/nfe/wfimagemnota.aspx?codigoautenticidade=149A.1866.8357.4063299-Y&numdoc=24808490000115,"",1
,189 SP - GASTRONOMIA E ENTRETENIMENTO LTDA,24.808.490/0001-15,2024-04-29 00:00:00,2024-05-27 00:00:00,Velocity Check,69283,Compensando,159.63,,,,,https://www.barueri.sp.gov.br/nfe/wfimagemnota.aspx?codigoautenticidade=132X.8336.2282.0880399-R&numdoc=24808490000115,"",1
,123 VIAGENS E TURISMO LTDA  EM RECUPERACAO JUDICIAL,26.669.170/0001-57,2024-04-29 00:00:00,2024-05-07 00:00:00,Velocity Check,68962,Compensando,3826.53,,,,,https://www.barueri.sp.gov.br/nfe/wfimagemnota.aspx?codigoautenticidade=587G.2381.0615.9427499-W&numdoc=26669170000157,"",18455
,2K COMERCIO DE COSMETICOS LTDA,28.589.883/0001-36,2024-04-29 00:00:00,2024-05-07 00:00:00,Pagador,69328,Compensando,99.1,,,,,https://www.barueri.sp.gov.br/nfe/wfimagemnota.aspx?codigoautenticidade=197X.9089.7088.0119199-W&numdoc=28589883000136,"",70
,2W ADMINISTRACAO HOTELEIRA LTDA,28.581.358/0001-74,2024-04-29 00:00:00,2024-05-07 00:00:00,Pagador,69611,Compensando,93.88,,,,,https://www.barueri.sp.gov.br/nfe/wfimagemnota.aspx?codigoautenticidade=209R.4671.6124.2383299-Y&numdoc=28581358000174,"",72
,123 VIAGENS E TURISMO LTDA  EM RECUPERACAO JUDICIAL,26.669.170/0001-57,2024-03-27 00:00:00,2024-04-04 00:00:00,Pagador,67227,Compensando,4648.9,,,,,https://www.barueri.sp.gov.br/nfe/wfimagemnota.aspx?codigoautenticidade=186V.3220.7268.1695099-V&numdoc=26669170000157,"",1
,123 VIAGENS E TURISMO LTDA  EM RECUPERACAO JUDICIAL,26.669.170/0001-57,2024-03-27 00:00:00,2024-04-04 00:00:00,Velocity Check,67121,Compensando,3826.53,,,,,https://www.barueri.sp.gov.br/nfe/wfimagemnota.aspx?codigoautenticidade=756Q.0223.0411.7192799-L&numdoc=26669170000157,"",19212
,2K COMERCIO DE COSMETICOS LTDA,28.589.883/0001-36,2024-03-27 00:00:00,2024-04-04 00:00:00,Cartão Protegido,66769,Compensando,39.85,,,,,https://www.barueri.sp.gov.br/nfe/wfimagemnota.aspx?codigoautenticidade=611Y.8274.7898.2491199-Q&numdoc=28589883000136,"",11
,2K COMERCIO DE COSMETICOS LTDA,28.589.883/0001-36,2024-03-27 00:00:00,2024-04-04 00:00:00,Pagador,67228,Compensando,99.1,,,,,https://www.barueri.sp.gov.br/nfe/wfimagemnota.aspx?codigoautenticidade=132T.2539.1148.6420999-R&numdoc=28589883000136,"",57
,2W ADMINISTRACAO HOTELEIRA LTDA,28.581.358/0001-74,2024-03-27 00:00:00,2024-04-04 00:00:00,Pagador,67231,Compensando,93.88,,,,,https://www.barueri.sp.gov.br/nfe/wfimagemnota.aspx?codigoautenticidade=528X.0779.0731.6961599-X&numdoc=28581358000174,"",74
,189 SP - GASTRONOMIA E ENTRETENIMENTO LTDA,24.808.490/0001-15,2024-03-14 00:00:00,2024-04-02 00:00:00,AntiFraude,66578,Compensando,506.43,,,,,https://www.barueri.sp.gov.br/nfe/wfimagemnota.aspx?codigoautenticidade=163X.2263.7882.1895999-S&numdoc=24808490000115,"",1
,189 SP - GASTRONOMIA E ENTRETENIMENTO LTDA,24.808.490/0001-15,2024-02-28 00:00:00,2024-03-14 00:00:00,Velocity Check,65438,Compensando,159.63,,,,,https://www.barueri.sp.gov.br/nfe/wfimagemnota.aspx?codigoautenticidade=198W.4527.3271.0097799-X&numdoc=24808490000115,"",1
,123 VIAGENS E TURISMO LTDA  EM RECUPERACAO JUDICIAL,26.669.170/0001-57,2024-02-28 00:00:00,2024-03-11 00:00:00,Velocity Check,65439,Compensando,3826.53,,,,,https://www.barueri.sp.gov.br/nfe/wfimagemnota.aspx?codigoautenticidade=204N.6245.7181.5505899-T&numdoc=26669170000157,"",14097
,2W ADMINISTRACAO HOTELEIRA LTDA,28.581.358/0001-74,2024-02-28 00:00:00,2024-03-11 00:00:00,Pagador,65563,Compensando,93.88,,,,,https://www.barueri.sp.gov.br/nfe/wfimagemnota.aspx?codigoautenticidade=419G.8536.3619.0523699-Y&numdoc=28581358000174,"",33
,2K COMERCIO DE COSMETICOS LTDA,28.589.883/0001-36,2024-02-28 00:00:00,2024-03-07 00:00:00,Pagador,65560,Compensando,99.1,,,,,https://www.barueri.sp.gov.br/nfe/wfimagemnota.aspx?codigoautenticidade=166G.0629.7211.6158899-V&numdoc=28589883000136,"",39
,2K COMERCIO DE COSMETICOS LTDA,28.589.883/0001-36,2024-02-27 00:00:00,2024-03-06 00:00:00,Cartão Protegido,65112,Compensando,39.85,,,,,https://www.barueri.sp.gov.br/nfe/wfimagemnota.aspx?codigoautenticidade=136J.0750.6346.2521099-V&numdoc=28589883000136,"",9
,189 SP - GASTRONOMIA E ENTRETENIMENTO LTDA,24.808.490/0001-15,2024-02-16 00:00:00,2024-03-05 00:00:00,AntiFraude,64893,Compensando,506.43,,,,,https://www.barueri.sp.gov.br/nfe/wfimagemnota.aspx?codigoautenticidade=124S.4177.3289.2025199-T&numdoc=24808490000115,"",1
,189 SP - GASTRONOMIA E ENTRETENIMENTO LTDA,24.808.490/0001-15,2024-01-30 00:00:00,2024-02-14 00:00:00,Velocity Check,63406,Compensando,159.63,,,,,https://www.barueri.sp.gov.br/nfe/wfimagemnota.aspx?codigoautenticidade=114Q.0686.2611.9196299-T&numdoc=24808490000115,"",1
,123 VIAGENS E TURISMO LTDA  EM RECUPERACAO JUDICIAL,26.669.170/0001-57,2024-01-30 00:00:00,2024-02-07 00:00:00,Pagador,63405,Compensando,4648.9,,,,,https://www.barueri.sp.gov.br/nfe/wfimagemnota.aspx?codigoautenticidade=686V.9271.1310.1226899-B&numdoc=26669170000157,"",1
,123 VIAGENS E TURISMO LTDA  EM RECUPERACAO JUDICIAL,26.669.170/0001-57,2024-01-30 00:00:00,2024-02-07 00:00:00,Velocity Check,63404,Compensando,3826.54,,,,,https://www.barueri.sp.gov.br/nfe/wfimagemnota.aspx?codigoautenticidade=126T.1971.4641.8628699-V&numdoc=26669170000157,"",9413
,2K COMERCIO DE COSMETICOS LTDA,28.589.883/0001-36,2024-01-30 00:00:00,2024-02-07 00:00:00,Cartão Protegido,63407,Compensando,39.85,,,,,https://www.barueri.sp.gov.br/nfe/wfimagemnota.aspx?codigoautenticidade=937Q.2143.2619.8955699-R&numdoc=28589883000136,"",8
,2K COMERCIO DE COSMETICOS LTDA,28.589.883/0001-36,2024-01-30 00:00:00,2024-02-07 00:00:00,Pagador,63408,Compensando,99.1,,,,,https://www.barueri.sp.gov.br/nfe/wfimagemnota.aspx?codigoautenticidade=779Q.9160.6212.3673399-O&numdoc=28589883000136,"",70
,2W ADMINISTRACAO HOTELEIRA LTDA,28.581.358/0001-74,2024-01-30 00:00:00,2024-02-07 00:00:00,Pagador,63411,Compensando,93.88,,,,,https://www.barueri.sp.gov.br/nfe/wfimagemnota.aspx?codigoautenticidade=290G.9368.9010.2668599-Z&numdoc=28581358000174,"",49
,189 SP - GASTRONOMIA E ENTRETENIMENTO LTDA,24.808.490/0001-15,2024-01-19 00:00:00,2024-02-06 00:00:00,AntiFraude,63202,Compensando,506.43,,,,,https://www.barueri.sp.gov.br/nfe/wfimagemnota.aspx?codigoautenticidade=188T.6931.5349.2735199-X&numdoc=24808490000115,"",1
,189 SP - GASTRONOMIA E ENTRETENIMENTO LTDA,24.808.490/0001-15,2023-12-27 00:00:00,2024-01-11 00:00:00,Velocity Check,62791,Compensando,159.63,,,,,https://www.barueri.sp.gov.br/nfe/wfimagemnota.aspx?codigoautenticidade=160W.8725.7271.4438499-Z&numdoc=24808490000115,"",1
,123 VIAGENS E TURISMO LTDA  EM RECUPERACAO JUDICIAL,26.669.170/0001-57,2023-12-27 00:00:00,2024-01-04 00:00:00,Pagador,61861,Compensando,4648.9,,,,,https://www.barueri.sp.gov.br/nfe/wfimagemnota.aspx?codigoautenticidade=190Z.0830.9301.3605399-Z&numdoc=26669170000157,"",43
,123 VIAGENS E TURISMO LTDA  EM RECUPERACAO JUDICIAL,26.669.170/0001-57,2023-12-27 00:00:00,2024-01-04 00:00:00,Velocity Check,62807,Compensando,3826.53,,,,,https://www.barueri.sp.gov.br/nfe/wfimagemnota.aspx?codigoautenticidade=678Q.1544.1914.5807499-D&numdoc=26669170000157,"",16421
,2K COMERCIO DE COSMETICOS LTDA,28.589.883/0001-36,2023-12-27 00:00:00,2024-01-04 00:00:00,Cartão Protegido,61735,Compensando,39.85,,,,,https://www.barueri.sp.gov.br/nfe/wfimagemnota.aspx?codigoautenticidade=109W.2580.2471.0960399-Y&numdoc=28589883000136,"",8
,2K COMERCIO DE COSMETICOS LTDA,28.589.883/0001-36,2023-12-27 00:00:00,2024-01-04 00:00:00,Pagador,61867,Compensando,99.1,,,,,https://www.barueri.sp.gov.br/nfe/wfimagemnota.aspx?codigoautenticidade=107Z.3715.5905.6481799-W&numdoc=28589883000136,"",75
,2W ADMINISTRACAO HOTELEIRA LTDA,28.581.358/0001-74,2023-12-27 00:00:00,2024-01-04 00:00:00,Pagador,61874,Compensando,93.88,,,,,https://www.barueri.sp.gov.br/nfe/wfimagemnota.aspx?codigoautenticidade=167X.4955.7686.6470899-W&numdoc=28581358000174,"",22
,189 SP - GASTRONOMIA E ENTRETENIMENTO LTDA,24.808.490/0001-15,2023-12-18 00:00:00,2024-01-02 00:00:00,AntiFraude,61495,Compensando,506.43,,,,,https://www.barueri.sp.gov.br/nfe/wfimagemnota.aspx?codigoautenticidade=441Q.8866.5563.9349799-Q&numdoc=24808490000115,"",1
,189 SP - GASTRONOMIA E ENTRETENIMENTO LTDA,24.808.490/0001-15,2023-11-29 00:00:00,2024-01-01 00:00:00,Velocity Check,59873,Compensando,159.63,,,,,https://www.barueri.sp.gov.br/nfe/wfimagemnota.aspx?codigoautenticidade=770Q.0296.7217.3884799-F&numdoc=24808490000115,"",1
,189 SP - GASTRONOMIA E ENTRETENIMENTO LTDA,24.808.490/0001-15,2023-06-28 00:00:00,2023-12-27 00:00:00,Velocity Check,51350,Compensando,159.63,,,,,https://www.barueri.sp.gov.br/nfe/wfimagemnota.aspx?codigoautenticidade=357Z.4183.2554.5917599-W&numdoc=24808490000115,"",1
5661,2W ADMINISTRACAO HOTELEIRA LTDA,28.581.358/0001-74,2023-12-11 00:00:00,2023-12-19 00:00:00,Pagador,61199,Pendente,2040.82,0,660.28,40.82,2741.92,https://www.barueri.sp.gov.br/nfe/wfimagemnota.aspx?codigoautenticidade=539R.1824.1524.3965199-Y&numdoc=28581358000174,https://www.pagador.com.br/post/pagador/reenvia.asp/b3fd4f74-9fbe-425e-9e10-49eedc247b25,1
,189 SP - GASTRONOMIA E ENTRETENIMENTO LTDA,24.808.490/0001-15,2023-11-23 00:00:00,2023-12-08 00:00:00,AntiFraude,59725,Compensando,506.43,,,,,https://www.barueri.sp.gov.br/nfe/wfimagemnota.aspx?codigoautenticidade=558G.8566.7613.7402499-X&numdoc=24808490000115,"",1
,123 VIAGENS E TURISMO LTDA  EM RECUPERACAO JUDICIAL,26.669.170/0001-57,2023-11-29 00:00:00,2023-12-07 00:00:00,Pagador,60528,Compensando,4648.9,,,,,https://www.barueri.sp.gov.br/nfe/wfimagemnota.aspx?codigoautenticidade=456Y.6601.3394.6136199-V&numdoc=26669170000157,"",16
,123 VIAGENS E TURISMO LTDA  EM RECUPERACAO JUDICIAL,26.669.170/0001-57,2023-11-29 00:00:00,2023-12-07 00:00:00,Velocity Check,59889,Compensando,3826.53,,,,,https://www.barueri.sp.gov.br/nfe/wfimagemnota.aspx?codigoautenticidade=660X.5883.9081.6358699-Z&numdoc=26669170000157,"",20999
,2K COMERCIO DE COSMETICOS LTDA,28.589.883/0001-36,2023-11-29 00:00:00,2023-12-07 00:00:00,Cartão Protegido,60051,Compensando,39.85,,,,,https://www.barueri.sp.gov.br/nfe/wfimagemnota.aspx?codigoautenticidade=475Q.9846.6311.8005299-U&numdoc=28589883000136,"",9
,2K COMERCIO DE COSMETICOS LTDA,28.589.883/0001-36,2023-11-29 00:00:00,2023-12-07 00:00:00,Pagador,60841,Compensando,99.1,,,,,https://www.barueri.sp.gov.br/nfe/wfimagemnota.aspx?codigoautenticidade=550G.2041.8118.7305499-Z&numdoc=28589883000136,"",47
,189 SP - GASTRONOMIA E ENTRETENIMENTO LTDA,24.808.490/0001-15,2023-10-31 00:00:00,2023-11-17 00:00:00,Velocity Check,58471,Compensando,159.63,,,,,https://www.barueri.sp.gov.br/nfe/wfimagemnota.aspx?codigoautenticidade=199O.1788.8396.3949099-Y&numdoc=24808490000115,"",1
,2K COMERCIO DE COSMETICOS LTDA,28.589.883/0001-36,2023-11-03 00:00:00,2023-11-14 00:00:00,Cartão Protegido,59313,Compensando,39.85,,,,,https://www.barueri.sp.gov.br/nfe/wfimagemnota.aspx?codigoautenticidade=503Q.9605.7617.5398199-S&numdoc=28589883000136,"",1
,2K COMERCIO DE COSMETICOS LTDA,28.589.883/0001-36,2023-10-31 00:00:00,2023-11-10 00:00:00,Pagador,58926,Compensando,99.1,,,,,https://www.barueri.sp.gov.br/nfe/wfimagemnota.aspx?codigoautenticidade=204E.4316.3991.7743399-T&numdoc=28589883000136,"",1
,123 VIAGENS E TURISMO LTDA  EM RECUPERACAO JUDICIAL,26.669.170/0001-57,2023-10-31 00:00:00,2023-11-08 00:00:00,Pagador,58702,Compensando,4648.9,,,,,https://www.barueri.sp.gov.br/nfe/wfimagemnota.aspx?codigoautenticidade=196E.4793.7194.2146899-V&numdoc=26669170000157,"",588
,123 VIAGENS E TURISMO LTDA  EM RECUPERACAO JUDICIAL,26.669.170/0001-57,2023-10-31 00:00:00,2023-11-08 00:00:00,Velocity Check,58486,Compensando,3826.53,,,,,https://www.barueri.sp.gov.br/nfe/wfimagemnota.aspx?codigoautenticidade=109Y.1682.6892.7665799-Y&numdoc=26669170000157,"",15689
,189 SP - GASTRONOMIA E ENTRETENIMENTO LTDA,24.808.490/0001-15,2023-10-11 00:00:00,2023-10-26 00:00:00,AntiFraude,58052,Compensando,506.43,,,,,https://www.barueri.sp.gov.br/nfe/wfimagemnota.aspx?codigoautenticidade=389X.5038.2187.4135199-Y&numdoc=24808490000115,"",1
,189 SP - GASTRONOMIA E ENTRETENIMENTO LTDA,24.808.490/0001-15,2023-09-30 00:00:00,2023-10-17 00:00:00,Velocity Check,57504,Compensando,159.63,,,,,https://www.barueri.sp.gov.br/nfe/wfimagemnota.aspx?codigoautenticidade=131T.1252.5848.4530499-Q&numdoc=24808490000115,"",1
,2K COMERCIO DE COSMETICOS LTDA,28.589.883/0001-36,2023-09-30 00:00:00,2023-10-10 00:00:00,Cartão Protegido,57407,Compensando,39.85,,,,,https://www.barueri.sp.gov.br/nfe/wfimagemnota.aspx?codigoautenticidade=111X.8244.9481.9512699-Q&numdoc=28589883000136,"",1
,2K COMERCIO DE COSMETICOS LTDA,28.589.883/0001-36,2023-09-30 00:00:00,2023-10-10 00:00:00,Pagador,57553,Compensando,99.1,,,,,https://www.barueri.sp.gov.br/nfe/wfimagemnota.aspx?codigoautenticidade=178R.3704.2628.5289599-X&numdoc=28589883000136,"",1
,189 SP - GASTRONOMIA E ENTRETENIMENTO LTDA,24.808.490/0001-15,2023-09-15 00:00:00,2023-10-03 00:00:00,AntiFraude,56472,Compensando,506.43,,,,,https://www.barueri.sp.gov.br/nfe/wfimagemnota.aspx?codigoautenticidade=139Z.3307.2503.3202199-Y&numdoc=24808490000115,"",1
,189 SP - GASTRONOMIA E ENTRETENIMENTO LTDA,24.808.490/0001-15,2023-08-29 00:00:00,2023-09-13 00:00:00,Velocity Check,55025,Compensando,159.63,,,,,https://www.barueri.sp.gov.br/nfe/wfimagemnota.aspx?codigoautenticidade=463Q.2618.6913.3307599-S&numdoc=24808490000115,"",1
,2K COMERCIO DE COSMETICOS LTDA,28.589.883/0001-36,2023-08-29 00:00:00,2023-09-08 00:00:00,Cartão Protegido,55004,Compensando,39.85,,,,,https://www.barueri.sp.gov.br/nfe/wfimagemnota.aspx?codigoautenticidade=824Q.0232.0517.8646399-T&numdoc=28589883000136,"",7
,2K COMERCIO DE COSMETICOS LTDA,28.589.883/0001-36,2023-08-29 00:00:00,2023-09-08 00:00:00,Pagador,55052,Compensando,99.1,,,,,https://www.barueri.sp.gov.br/nfe/wfimagemnota.aspx?codigoautenticidade=256Q.2766.1415.0190499-V&numdoc=28589883000136,"",58
3331,123 VIAGENS E TURISMO LTDA  EM RECUPERACAO JUDICIAL,26.669.170/0001-57,2023-08-29 00:00:00,2023-09-06 00:00:00,Pagador,54872,Pendente,207.76,0,13425,749.97,51673.71,https://www.barueri.sp.gov.br/nfe/wfimagemnota.aspx?codigoautenticidade=957V.6496.9161.9680599-R&numdoc=26669170000157,https://www.pagador.com.br/post/pagador/reenvia.asp/c7333d99-0d5f-4fe2-a509-1a4126eb245d,735
3331,123 VIAGENS E TURISMO LTDA  EM RECUPERACAO JUDICIAL,26.669.170/0001-57,2023-08-29 00:00:00,2023-09-06 00:00:00,Pagador,54872,Pendente,37290.98,0,13425,749.97,51673.71,https://www.barueri.sp.gov.br/nfe/wfimagemnota.aspx?codigoautenticidade=957V.6496.9161.9680599-R&numdoc=26669170000157,https://www.pagador.com.br/post/pagador/reenvia.asp/c7333d99-0d5f-4fe2-a509-1a4126eb245d,131932
3331,123 VIAGENS E TURISMO LTDA  EM RECUPERACAO JUDICIAL,26.669.170/0001-57,2023-08-29 00:00:00,2023-09-06 00:00:00,Velocity Check,54865,Pendente,14714.32,0,5262.6,294.29,20271.21,https://www.barueri.sp.gov.br/nfe/wfimagemnota.aspx?codigoautenticidade=150W.5863.5771.6442499-Z&numdoc=26669170000157,https://www.pagador.com.br/post/pagador/reenvia.asp/1504fbbf-f4b3-4b13-93a9-bc76b47d0abc,192267
,189 SP - GASTRONOMIA E ENTRETENIMENTO LTDA,24.808.490/0001-15,2023-08-15 00:00:00,2023-08-31 00:00:00,AntiFraude,54769,Compensando,506.43,,,,,https://www.barueri.sp.gov.br/nfe/wfimagemnota.aspx?codigoautenticidade=220S.1663.7630.9490399-Z&numdoc=24808490000115,"",1
,189 SP - GASTRONOMIA E ENTRETENIMENTO LTDA,24.808.490/0001-15,2023-07-31 00:00:00,2023-08-16 00:00:00,Velocity Check,53818,Compensando,159.63,,,,,https://www.barueri.sp.gov.br/nfe/wfimagemnota.aspx?codigoautenticidade=214Y.2670.8691.5674499-T&numdoc=24808490000115,"",1
,2K COMERCIO DE COSMETICOS LTDA,28.589.883/0001-36,2023-07-31 00:00:00,2023-08-09 00:00:00,Cartão Protegido,53828,Compensando,39.85,,,,,https://www.barueri.sp.gov.br/nfe/wfimagemnota.aspx?codigoautenticidade=207Z.6054.9101.5938899-W&numdoc=28589883000136,"",12
,2K COMERCIO DE COSMETICOS LTDA,28.589.883/0001-36,2023-07-31 00:00:00,2023-08-09 00:00:00,Pagador,54380,Compensando,99.1,,,,,https://www.barueri.sp.gov.br/nfe/wfimagemnota.aspx?codigoautenticidade=175W.5403.0521.8040599-U&numdoc=28589883000136,"",64
,123 VIAGENS E TURISMO LTDA  EM RECUPERACAO JUDICIAL,26.669.170/0001-57,2023-07-28 00:00:00,2023-08-08 00:00:00,Velocity Check,53317,Compensando,14314.44,,,,,https://www.barueri.sp.gov.br/nfe/wfimagemnota.aspx?codigoautenticidade=141Z.6896.8108.2230699-Q&numdoc=26669170000157,"",187042
,123 VIAGENS E TURISMO LTDA  EM RECUPERACAO JUDICIAL,26.669.170/0001-57,2023-07-27 00:00:00,2023-08-07 00:00:00,Pagador,53169,Compensando,66.43,,,,,https://www.barueri.sp.gov.br/nfe/wfimagemnota.aspx?codigoautenticidade=116U.3365.5551.7616499-V&numdoc=26669170000157,"",235
,123 VIAGENS E TURISMO LTDA  EM RECUPERACAO JUDICIAL,26.669.170/0001-57,2023-07-27 00:00:00,2023-08-07 00:00:00,Pagador,53169,Compensando,45228.45,,,,,https://www.barueri.sp.gov.br/nfe/wfimagemnota.aspx?codigoautenticidade=116U.3365.5551.7616499-V&numdoc=26669170000157,"",160014
,189 SP - GASTRONOMIA E ENTRETENIMENTO LTDA,24.808.490/0001-15,2023-07-19 00:00:00,2023-08-04 00:00:00,AntiFraude,52953,Compensando,506.43,,,,,https://www.barueri.sp.gov.br/nfe/wfimagemnota.aspx?codigoautenticidade=976W.6155.7276.7879199-Q&numdoc=24808490000115,"",1
,189 SP - GASTRONOMIA E ENTRETENIMENTO LTDA,24.808.490/0001-15,2023-06-21 00:00:00,2023-07-07 00:00:00,AntiFraude,51275,Compensando,506.43,,,,,https://www.barueri.sp.gov.br/nfe/wfimagemnota.aspx?codigoautenticidade=179S.6845.3132.6578099-Y&numdoc=24808490000115,"",1
,2K COMERCIO DE COSMETICOS LTDA,28.589.883/0001-36,2023-06-28 00:00:00,2023-07-07 00:00:00,Cartão Protegido,51347,Compensando,39.1,,,,,https://www.barueri.sp.gov.br/nfe/wfimagemnota.aspx?codigoautenticidade=193Z.6134.6851.2292699-S&numdoc=28589883000136,"",9
,2K COMERCIO DE COSMETICOS LTDA,28.589.883/0001-36,2023-06-28 00:00:00,2023-07-07 00:00:00,Pagador,51359,Compensando,97.26,,,,,https://www.barueri.sp.gov.br/nfe/wfimagemnota.aspx?codigoautenticidade=237R.2398.7376.2487699-W&numdoc=28589883000136,"",130
3331,123 VIAGENS E TURISMO LTDA  EM RECUPERACAO JUDICIAL,26.669.170/0001-57,2023-06-28 00:00:00,2023-07-06 00:00:00,Pagador,51356,Pendente,27.98,0,22396.5,1185.27,82845.07,https://www.barueri.sp.gov.br/nfe/wfimagemnota.aspx?codigoautenticidade=318Q.9587.3711.4838899-X&numdoc=26669170000157,https://www.pagador.com.br/post/pagador/reenvia.asp/6c4da71f-83a5-4e7a-a0e6-7711b8da70c8,99
3331,123 VIAGENS E TURISMO LTDA  EM RECUPERACAO JUDICIAL,26.669.170/0001-57,2023-06-28 00:00:00,2023-07-06 00:00:00,Pagador,51356,Pendente,59235.32,0,22396.5,1185.27,82845.07,https://www.barueri.sp.gov.br/nfe/wfimagemnota.aspx?codigoautenticidade=318Q.9587.3711.4838899-X&numdoc=26669170000157,https://www.pagador.com.br/post/pagador/reenvia.asp/6c4da71f-83a5-4e7a-a0e6-7711b8da70c8,209569
3331,123 VIAGENS E TURISMO LTDA  EM RECUPERACAO JUDICIAL,26.669.170/0001-57,2023-06-28 00:00:00,2023-07-06 00:00:00,Velocity Check,51351,Pendente,3826.53,0,1451.52,76.53,5354.58,https://www.barueri.sp.gov.br/nfe/wfimagemnota.aspx?codigoautenticidade=139Y.3820.4044.7218899-Y&numdoc=26669170000157,https://www.pagador.com.br/post/pagador/reenvia.asp/94fd8490-6ff3-4004-9998-c99c2b7c0bbd,1
,189 SP - GASTRONOMIA E ENTRETENIMENTO LTDA,24.808.490/0001-15,2023-05-22 00:00:00,2023-06-07 00:00:00,AntiFraude,49347,Compensando,506.43,,,,,https://www.barueri.sp.gov.br/nfe/wfimagemnota.aspx?codigoautenticidade=311Q.8832.3418.7025499-Q&numdoc=24808490000115,"",1
,123 VIAGENS E TURISMO LTDA  EM RECUPERACAO JUDICIAL,26.669.170/0001-57,2023-05-09 00:00:00,2023-05-18 00:00:00,Velocity Check,49137,Compensando,11270.9,,,,,https://www.barueri.sp.gov.br/nfe/wfimagemnota.aspx?codigoautenticidade=152I.9248.5231.4482299-R&numdoc=26669170000157,"",1
